id,username,email
1,pmassenhove0,bgransden0@fotki.com
2,soscannill1,rfarmery1@alibaba.com
3,hferenczy2,lhannigan2@barnesandnoble.com
4,egallally3,kblaw3@cisco.com
5,mmackim4,nstickley4@example.com
6,lmacparlan5,vditter5@ft.com
7,lhudel6,bcloake6@biglobe.ne.jp
8,ekiljan7,dcreasy7@epa.gov
9,mmcilwraith8,atwiggins8@myspace.com
10,yhasney9,ecashen9@histats.com
11,bmathiassena,faberkirdoa@cnn.com
12,dmadelinb,acroninb@delicious.com
13,wpineauxc,csmeuinc@sphinn.com
14,fflanagand,agaulerd@yellowbook.com
15,gtrime,llecordiere@usnews.com
16,tamerf,delenerf@free.fr
17,rolufseng,dmcguggyg@fc2.com
18,eeisigh,pcoginh@homestead.com
19,dkennai,edevini@cpanel.net
20,dtomeoj,rnorcockj@apache.org
21,mhatherillk,cdestouchek@blinklist.com
22,tdykasl,vcurnokkl@admin.ch
23,cgelardim,gfearnsidem@amazon.de
24,jmarchellon,dlegenn@europa.eu
25,chaggidono,agoodbarro@about.com
26,aheintzep,jgantzerp@amazon.com
27,njarradq,crattq@arizona.edu
28,jboscottr,mjaskiewiczr@cpanel.net
29,dbeckenhams,bgabeys@facebook.com
30,dchildst,moconnellt@eventbrite.com
31,rbolstridgeu,nconnoru@soundcloud.com
32,mricardsv,ahailwoodv@wordpress.org
33,ecrossgrovew,fshovlarw@cafepress.com
34,sbrouardx,bgoudiex@trellian.com
35,khennigery,kduckeriny@phoca.cz
36,gtoffanoz,ecarollz@seesaa.net
37,fescritt10,kfrogley10@github.io
38,pgebby11,fwoollard11@abc.net.au
39,kyoud12,dbamfield12@skype.com
40,nkingsman13,abeckhouse13@adobe.com
41,fhutley14,hphippin14@ed.gov
42,sheilds15,kkeyme15@nbcnews.com
43,lhalwell16,avsanelli16@berkeley.edu
44,dverrillo17,atolussi17@google.com.hk
45,wspeight18,csneath18@independent.co.uk
46,rwillment19,hzorzenoni19@surveymonkey.com
47,dardy1a,fcapelin1a@behance.net
48,zzaniolo1b,mnorssister1b@jiathis.com
49,cfeares1c,cmacconnel1c@china.com.cn
50,abulleyn1d,lungaretti1d@indiegogo.com
51,hgrafhom1e,sfairfoot1e@e-recht24.de
52,nllorens1f,hmacfayden1f@mysql.com
53,tosmint1g,sbrideau1g@yelp.com
54,cthireau1h,psentinella1h@patch.com
55,egasken1i,hblazy1i@deviantart.com
56,dtebbet1j,llequesne1j@ask.com
57,rmcclean1k,mjest1k@bravesites.com
58,heccersley1l,cburgill1l@gov.uk
59,melleyne1m,lgrigolli1m@about.me
60,ecolquite1n,ggirone1n@latimes.com
61,acarcass1o,fodell1o@senate.gov
62,jwatt1p,rianinotti1p@hud.gov
63,dmcilhone1q,tgudeman1q@prweb.com
64,azannotti1r,bocrevan1r@rakuten.co.jp
65,iairdrie1s,ebrearton1s@unicef.org
66,dtomet1t,rgomery1t@tuttocitta.it
67,acusworth1u,wfarfolomeev1u@tinypic.com
68,mnavein1v,hambrosi1v@nps.gov
69,kgaltone1w,gcotsford1w@howstuffworks.com
70,bdecastri1x,gtop1x@si.edu
71,tmasserel1y,aduignan1y@163.com
72,dwinsome1z,hsheilds1z@bloglines.com
73,nkobera20,twarlawe20@goodreads.com
74,rbehnen21,ahusk21@wisc.edu
75,zwiddicombe22,jorrill22@china.com.cn
76,amonkman23,gdunbar23@cbc.ca
77,dtungate24,mjuster24@omniture.com
78,emichel25,dbazire25@amazonaws.com
79,akuhn26,lllewellyn26@unesco.org
80,mlaurenceau27,nfrancescozzi27@quantcast.com
81,jmusico28,khebble28@unesco.org
82,rbowers29,khalbord29@irs.gov
83,zbannell2a,csilvester2a@bloglovin.com
84,tfinnie2b,ssimmers2b@friendfeed.com
85,rveschambes2c,smidgley2c@cbc.ca
86,dferneley2d,sangeau2d@wikispaces.com
87,cmcfaul2e,roddy2e@histats.com
88,etubble2f,abessett2f@earthlink.net
89,abradford2g,pyoakley2g@netvibes.com
90,dhunday2h,ssmalcombe2h@google.com
91,pwinterbotham2i,mcazalet2i@pbs.org
92,harger2j,gfilintsev2j@tmall.com
93,lpipping2k,jsimmen2k@virginia.edu
94,kswannell2l,cdagon2l@reference.com
95,ecamilli2m,rriglar2m@google.es
96,ebasso2n,fpresman2n@w3.org
97,igeorgius2o,tcasarino2o@goo.gl
98,fpinckney2p,smcboyle2p@blogs.com
99,twarin2q,kjacquest2q@sbwire.com
100,bgrimsdyke2r,cdevries2r@geocities.com
101,chackly2s,adowsing2s@vimeo.com
102,owodeland2t,lclerc2t@spiegel.de
103,mprevost2u,afeely2u@sohu.com
104,schatel2v,klongworthy2v@howstuffworks.com
105,ncraddock2w,lregina2w@cnn.com
106,sboeter2x,bcaulder2x@aol.com
107,nbywater2y,bbindon2y@ovh.net
108,acamsey2z,crodenburgh2z@nba.com
109,dkleuer30,ngeggie30@smugmug.com
110,pmillam31,aleeburne31@surveymonkey.com
111,asummerrell32,epays32@amazon.com
112,awaldie33,hwoodwind33@jalbum.net
113,llynskey34,gbelsher34@psu.edu
114,dpuddan35,ekment35@squarespace.com
115,fmaxwaile36,asivorn36@eventbrite.com
116,lhowling37,kbeaty37@patch.com
117,heard38,brodman38@qq.com
118,rbuncom39,tmacmurray39@linkedin.com
119,pjarmyn3a,lgregori3a@shareasale.com
120,sbrunelleschi3b,sodlin3b@geocities.com
121,cboylin3c,ttissell3c@sogou.com
122,gbrouncker3d,imorrel3d@timesonline.co.uk
123,pchevin3e,bgreatreax3e@noaa.gov
124,wcazalet3f,bsearby3f@yellowbook.com
125,epeatt3g,khalsey3g@aol.com
126,pyackiminie3h,jreubens3h@nhs.uk
127,jbortoletti3i,jreally3i@china.com.cn
128,lbleier3j,fwedderburn3j@economist.com
129,lmacdonnell3k,cpoolman3k@arstechnica.com
130,cbernardeau3l,zroskeilly3l@sourceforge.net
131,cchaperling3m,kwoollcott3m@istockphoto.com
132,dstrotone3n,eham3n@reference.com
133,bgolsthorp3o,fgaddas3o@ifeng.com
134,dhumbatch3p,vtrewman3p@tinyurl.com
135,jtonepohl3q,gmarkova3q@pinterest.com
136,gfer3r,bpenbarthy3r@devhub.com
137,rwagstaffe3s,ebassill3s@youtube.com
138,csheavills3t,msawdy3t@baidu.com
139,efurnell3u,dkristufek3u@netvibes.com
140,chavesides3v,meales3v@posterous.com
141,ewindmill3w,ztorricella3w@tamu.edu
142,lmousley3x,adasent3x@yandex.ru
143,geddicott3y,rbutton3y@baidu.com
144,msheen3z,tbernasek3z@bing.com
145,nbratty40,narendt40@squidoo.com
146,gvasentsov41,rveall41@ft.com
147,dforrestall42,abanville42@gizmodo.com
148,tcheesley43,ptigner43@archive.org
149,ndicky44,ncastangia44@miibeian.gov.cn
150,eisenor45,tbrame45@mysql.com
151,pwalkden46,kharle46@cocolog-nifty.com
152,wtreslove47,cvitet47@toplist.cz
153,cpepper48,nmedway48@hud.gov
154,rreimer49,kselbach49@geocities.com
155,rcella4a,bfairpo4a@sina.com.cn
156,zlinne4b,wlytlle4b@bloglovin.com
157,aschreurs4c,smuzzini4c@cnbc.com
158,hvasilik4d,vkorpal4d@bluehost.com
159,cbontine4e,lcarik4e@woothemes.com
160,hdemeter4f,hnelsen4f@statcounter.com
161,nkears4g,ikeasey4g@t-online.de
162,hnoad4h,hbowerman4h@fastcompany.com
163,saskie4i,obullar4i@state.tx.us
164,mtattoo4j,kpearce4j@baidu.com
165,lfoulgham4k,mwaren4k@tinypic.com
166,ablanchard4l,abuttgow4l@simplemachines.org
167,adundon4m,iyair4m@odnoklassniki.ru
168,rvittel4n,aackeroyd4n@wix.com
169,greilingen4o,mriordan4o@last.fm
170,ckyte4p,cbolding4p@merriam-webster.com
171,mmartinson4q,nsixsmith4q@cnet.com
172,tshackle4r,rregardsoe4r@time.com
173,cjeduch4s,fmylchreest4s@miitbeian.gov.cn
174,mcrinkley4t,tpiscopiello4t@mapquest.com
175,lgarbar4u,ifranckton4u@bigcartel.com
176,emonni4v,nnuttall4v@oracle.com
177,ssterke4w,mcowx4w@pen.io
178,hcornfield4x,mbulter4x@geocities.jp
179,lmachen4y,lcristofanini4y@arstechnica.com
180,phappel4z,grathmell4z@oakley.com
181,nmacfall50,ejarrett50@house.gov
182,dreynolds51,sstert51@usgs.gov
183,jjahnisch52,khaythorn52@ow.ly
184,npallas53,kkalderon53@bbb.org
185,nmanclark54,ubickardike54@nymag.com
186,jhawkslee55,wwalmsley55@1688.com
187,gcarriage56,vbeasleigh56@discuz.net
188,sdaventry57,epattlel57@github.com
189,imccusker58,wparton58@ca.gov
190,emomery59,rarnal59@china.com.cn
191,hlenin5a,ohenrionot5a@archive.org
192,dmasterson5b,mmackenzie5b@a8.net
193,sswanton5c,mdishman5c@blogspot.com
194,gbullent5d,bkoschek5d@ifeng.com
195,nfines5e,ihallan5e@upenn.edu
196,rpellingar5f,dfullerton5f@statcounter.com
197,tfarge5g,kpilmer5g@myspace.com
198,bpalay5h,bbletsor5h@photobucket.com
199,epeppin5i,nbrailey5i@nytimes.com
200,gproom5j,lcereceres5j@tuttocitta.it
201,vrugieri5k,whutchins5k@vkontakte.ru
202,mmanjot5l,nkiera5l@nytimes.com
203,asmitheram5m,dkeller5m@alibaba.com
204,jbrayshaw5n,jmeers5n@hp.com
205,garkle5o,bbeasleigh5o@mozilla.org
206,rnorthill5p,nlockyear5p@slideshare.net
207,alowde5q,bdanneil5q@ask.com
208,ddominichelli5r,lbillitteri5r@fema.gov
209,ihusset5s,dbrumpton5s@imageshack.us
210,ghave5t,othomkins5t@fda.gov
211,mchristou5u,ldanielsson5u@google.ru
212,ericcardi5v,fboydle5v@chron.com
213,nkoomar5w,tgebbie5w@ycombinator.com
214,keykel5x,kpostians5x@arizona.edu
215,itrytsman5y,nmckintosh5y@forbes.com
216,ldominik5z,jharryman5z@symantec.com
217,fingold60,cdanielkiewicz60@npr.org
218,bgratland61,dedmeads61@blog.com
219,kpostans62,smalatalant62@1688.com
220,cloughrey63,lbullas63@slate.com
221,sreeken64,ddavidovits64@prlog.org
222,jbenns65,tvoaden65@lycos.com
223,lvandriel66,rmordey66@marriott.com
224,cgayler67,wconnell67@theguardian.com
225,jstabler68,etrowler68@nih.gov
226,mzink69,karonovich69@cisco.com
227,ogodier6a,adaniely6a@ihg.com
228,mellwood6b,aandreopolos6b@lulu.com
229,arasper6c,cvenart6c@sohu.com
230,mbartel6d,mdangl6d@ning.com
231,rvannacci6e,lsotheby6e@wunderground.com
232,ebolles6f,sgrassot6f@51.la
233,krutley6g,aspeeks6g@ycombinator.com
234,mmcgonigal6h,mgrinstead6h@ox.ac.uk
235,gjedrych6i,dvilliers6i@seattletimes.com
236,cthexton6j,gscallon6j@state.gov
237,pcarlon6k,abrokenshaw6k@usa.gov
238,mlednor6l,mvasilmanov6l@parallels.com
239,etownsley6m,osaltmarshe6m@biblegateway.com
240,mkennard6n,mswatridge6n@nih.gov
241,mfolonin6o,tbushby6o@mit.edu
242,theller6p,bwolstenholme6p@youtu.be
243,kchang6q,anoury6q@guardian.co.uk
244,jburcombe6r,kmanie6r@chron.com
245,ngislebert6s,hgorger6s@spotify.com
246,dlehemann6t,gmickan6t@skyrock.com
247,vattwill6u,bsedwick6u@bloglovin.com
248,lclapston6v,emouget6v@google.com.au
249,tblythe6w,mwood6w@omniture.com
250,ckennady6x,bjapp6x@goo.gl
251,bmellows6y,ctirone6y@google.nl
252,bedmundson6z,ecosans6z@dyndns.org
253,klippini70,tfeasley70@baidu.com
254,cashling71,wwatting71@mac.com
255,gnewman72,leixenberger72@amazon.co.uk
256,lwhisby73,sciccotto73@nature.com
257,odantesia74,rdearnaley74@arizona.edu
258,jbeslier75,dgrimwade75@naver.com
259,vcrosscombe76,cgilstoun76@nba.com
260,luccello77,bbachman77@sbwire.com
261,ckrugmann78,csauter78@google.ca
262,mrustan79,rcorbert79@purevolume.com
263,sgatiss7a,cborrington7a@soundcloud.com
264,vwaddell7b,dtarplee7b@360.cn
265,dalonso7c,cphelan7c@netlog.com
266,wmccumesky7d,ehalshaw7d@time.com
267,badderson7e,hkleinstein7e@auda.org.au
268,cdicte7f,lbalbeck7f@naver.com
269,sgricewood7g,rgaskin7g@people.com.cn
270,astockman7h,rhillatt7h@bloglines.com
271,gklaff7i,cyatman7i@about.me
272,llang7j,nduckit7j@sciencedaily.com
273,flatimer7k,prayman7k@artisteer.com
274,drobinet7l,sgegay7l@samsung.com
275,cdeftie7m,mmaunder7m@cam.ac.uk
276,rsubhan7n,bguilliland7n@bing.com
277,awilsone7o,wsperring7o@washington.edu
278,nfilson7p,kgoldstein7p@g.co
279,wbreming7q,vdanielou7q@rediff.com
280,pleroux7r,ethomson7r@elegantthemes.com
281,sdilley7s,tmccoy7s@de.vu
282,smcgoon7t,fkineton7t@lulu.com
283,fjozwik7u,dlangland7u@abc.net.au
284,cpaddingdon7v,bgrouer7v@wordpress.com
285,jmcilrath7w,nloges7w@reference.com
286,mwhightman7x,frheaume7x@github.io
287,rtilmouth7y,hwhitmore7y@tamu.edu
288,eblaze7z,pdavids7z@hexun.com
289,lglassford80,fhaggard80@jigsy.com
290,aclorley81,bgolda81@meetup.com
291,cbarroux82,kchallens82@cornell.edu
292,cpawelek83,tdebernardis83@about.com
293,ebantham84,pgradwell84@creativecommons.org
294,nduddy85,cbrunet85@gizmodo.com
295,afenby86,mlenoir86@yellowbook.com
296,hraise87,mhuzzey87@infoseek.co.jp
297,lchstney88,lchorley88@sourceforge.net
298,msains89,kkiln89@hubpages.com
299,lplumm8a,wcuphus8a@smugmug.com
300,rtorricina8b,gdourin8b@vistaprint.com
301,rdennerly8c,cbernt8c@netlog.com
302,rvancassel8d,kwoodhall8d@sohu.com
303,fslograve8e,ibougourd8e@msu.edu
304,kvillar8f,gtrollope8f@paypal.com
305,wshapter8g,dharce8g@zdnet.com
306,mdibiasio8h,swaylen8h@phoca.cz
307,nadrienne8i,randriolli8i@artisteer.com
308,mglasspool8j,foak8j@earthlink.net
309,pkleanthous8k,yblockwell8k@japanpost.jp
310,ctrengrouse8l,kbodycomb8l@google.cn
311,cwoodley8m,ldanser8m@taobao.com
312,egorman8n,dsea8n@tinypic.com
313,aaughtie8o,gformoy8o@blogtalkradio.com
314,ibailey8p,smccluin8p@amazonaws.com
315,rsholl8q,jjanout8q@nature.com
316,smarty8r,kvannacci8r@vimeo.com
317,cedlington8s,tgaskin8s@ehow.com
318,shenrie8t,bskamal8t@deliciousdays.com
319,cwase8u,gminci8u@so-net.ne.jp
320,jdolohunty8v,wdreini8v@cocolog-nifty.com
321,fstclair8w,opauncefort8w@discovery.com
322,dgoodie8x,blennard8x@wix.com
323,mgamage8y,cfellow8y@sfgate.com
324,hdeverille8z,eebbin8z@prnewswire.com
325,dcazalet90,billes90@senate.gov
326,mbosence91,rjosofovitz91@chron.com
327,csedwick92,tmalster92@nhs.uk
328,sdmitrovic93,pfierman93@trellian.com
329,mportis94,zhardisty94@pagesperso-orange.fr
330,ohamm95,sprue95@acquirethisname.com
331,sreye96,cmcaree96@state.tx.us
332,jlevecque97,mduggan97@umich.edu
333,fpierrepoint98,rfidgin98@unblog.fr
334,kdrivers99,mdaldan99@ox.ac.uk
335,citzhak9a,ndarwin9a@bandcamp.com
336,clidgard9b,tchecklin9b@dell.com
337,hpratten9c,fnathan9c@ucoz.com
338,estott9d,crhule9d@pagesperso-orange.fr
339,ctapenden9e,ifinlator9e@ibm.com
340,vambrogio9f,smccandless9f@is.gd
341,jlamb9g,rdorkin9g@baidu.com
342,elarraway9h,ehebbard9h@pagesperso-orange.fr
343,ijerdon9i,tcaught9i@php.net
344,jpettipher9j,fgrice9j@google.de
345,lmcglaud9k,hbenneton9k@google.com.hk
346,hgerry9l,gfloris9l@dell.com
347,jschmuhl9m,mivankov9m@whitehouse.gov
348,cfortye9n,gpotteril9n@springer.com
349,ceadmeads9o,brayburn9o@bbc.co.uk
350,aspaducci9p,bibbitson9p@youtu.be
351,fcasetti9q,bsutcliff9q@last.fm
352,ggillings9r,shanstock9r@lulu.com
353,mmatussow9s,ebrahmer9s@jugem.jp
354,adealy9t,ehenri9t@mediafire.com
355,kbigly9u,hgeorgins9u@cisco.com
356,jmacieiczyk9v,etinline9v@arizona.edu
357,esalvin9w,cernke9w@prweb.com
358,nbannon9x,abowmaker9x@noaa.gov
359,rspeariett9y,lliddle9y@home.pl
360,wguyver9z,rbartoloma9z@usa.gov
361,rraddena0,gcapesa0@dailymotion.com
362,tcristofola1,smcilratha1@intel.com
363,mmccuea2,bfeuella2@godaddy.com
364,eshervingtona3,pmissena3@cargocollective.com
365,rduplantiera4,kcatchpolea4@jimdo.com
366,bdecourceya5,miacabuccia5@yahoo.com
367,cebbitta6,cangera6@gov.uk
368,dzylberdika7,kbuddinga7@discuz.net
369,hlowndsbrougha8,cescalea8@theatlantic.com
370,wpurcella9,rducarmea9@jimdo.com
371,tboswardaa,dcrossbyaa@dropbox.com
372,hfebvreab,sbudibentab@house.gov
373,whugettac,lohaireac@typepad.com
374,pmcgraffinad,awinsleyad@timesonline.co.uk
375,cpleavinae,tmcgruarae@last.fm
376,wshivellaf,fgoodbarneaf@mapquest.com
377,pcastagnassoag,ktowag@aol.com
378,openhallurickah,ybonifazioah@mediafire.com
379,twollrauchai,moakleyai@guardian.co.uk
380,cmacgahyaj,astrafenaj@pinterest.com
381,cfreemanak,cnorcopak@mysql.com
382,wtoppingal,asybeal@independent.co.uk
383,uskentelberyam,cbidmeadam@toplist.cz
384,ocoultaran,mlendreman@reverbnation.com
385,gpolackao,cmichieliao@virginia.edu
386,emoulsterap,swallsworthap@google.it
387,baryaq,dbraidwoodaq@behance.net
388,vgoldupar,apladenar@tinypic.com
389,lgrzelczakas,pvarnamas@google.co.jp
390,carmittat,mgrantat@apache.org
391,fmelburgau,amuzzolloau@bravesites.com
392,ahorsefieldav,rroomsav@nih.gov
393,csteffanaw,tpeakaw@multiply.com
394,moaklyax,mdestoucheax@time.com
395,jcovottiay,sscullyay@nature.com
396,rpottsaz,atuxwellaz@meetup.com
397,nknathb0,aleteurtreb0@miitbeian.gov.cn
398,mleprevostb1,rwolferb1@hc360.com
399,tmoulesb2,ljozefowiczb2@desdev.cn
400,eevisonb3,eegellb3@yale.edu
401,ahugonetb4,adroganb4@ox.ac.uk
402,emorrantb5,lblacksterb5@state.gov
403,ngoodbandb6,byearsleyb6@plala.or.jp
404,aattenboroughb7,jbaumadierb7@macromedia.com
405,msmittouneb8,nsaladinob8@google.es
406,ltwomeyb9,mklimkob9@ftc.gov
407,cgeerlingba,oyitzhakba@house.gov
408,rgerberbb,rmccolleybb@oaic.gov.au
409,lruburybc,arenonbc@cafepress.com
410,ncochebd,klarozebd@diigo.com
411,ebuggybe,lwaterhousbe@tiny.cc
412,acutsforthbf,bceccolibf@networkadvertising.org
413,bloudbg,fflintoftbg@hostgator.com
414,aarnoultbh,hmarxsenbh@cloudflare.com
415,dbuntinbi,mcoslittbi@toplist.cz
416,pmarchellibj,ceasterbybj@abc.net.au
417,mstandbridgebk,tcestardbk@cbslocal.com
418,bbaildonbl,fhaynesbl@qq.com
419,kerbainbm,vverringbm@blogs.com
420,ybevanbn,lcoghlanbn@lycos.com
421,spostillbo,pinnisbo@forbes.com
422,kroebottombp,qhucksbp@vistaprint.com
423,amoorheadbq,dcorrisbq@scientificamerican.com
424,cburnebr,kdewdneybr@cocolog-nifty.com
425,ghumpagebs,fmaskewbs@reverbnation.com
426,cwhewillbt,tscuffhambt@seattletimes.com
427,tbrastedbu,abiffenbu@linkedin.com
428,leltonbv,nodowgainebv@csmonitor.com
429,dseligsonbw,theakebw@creativecommons.org
430,acurtonbx,tlundiebx@amazon.co.jp
431,dchecchetelliby,ttomichby@reverbnation.com
432,ecarrelbz,bziemensbz@si.edu
433,cdiggonsc0,wdesantosc0@instagram.com
434,aiacovielloc1,mspeedyc1@prweb.com
435,gglowinskic2,jandrichc2@cocolog-nifty.com
436,lborwickc3,eatyeac3@tuttocitta.it
437,mheislerc4,trenshawc4@independent.co.uk
438,ebremleyc5,gmoorec5@auda.org.au
439,jdasparc6,csimmonsc6@bravesites.com
440,lfrancec7,rwaumsleyc7@w3.org
441,cpaoloc8,dherculesonc8@ning.com
442,ncac9,etomec9@slideshare.net
443,aklemzca,dfanteca@answers.com
444,rschultheisscb,carchcb@webeden.co.uk
445,bstannuscc,tsallengercc@reference.com
446,pmaccaricd,ktokellcd@nba.com
447,cwoltmance,dminchentonce@facebook.com
448,brisencf,saggecf@nyu.edu
449,rsturrockcg,tbaddamcg@yahoo.com
450,bweekech,pjorgech@google.pl
451,cromagnosici,msummerillci@adobe.com
452,hsunockcj,ngeroldcj@wikimedia.org
453,zsinyardck,tramirezck@wired.com
454,ggobeauxcl,jcosleycl@arstechnica.com
455,smcturleycm,obrierleycm@cbc.ca
456,sbigginscn,bbruntoncn@hostgator.com
457,vclotherco,jberteletco@about.me
458,jfogdencp,mscamelcp@arizona.edu
459,mpollcq,wgodsoncq@alexa.com
460,ccoburncr,rdignamcr@google.com.au
461,lstraughancs,rbelfitcs@discovery.com
462,sswancottct,jswinneyct@bbb.org
463,bgrugerrcu,sbattramcu@ft.com
464,zmeiklejohncv,mvidlercv@reuters.com
465,ldestoopcw,swippermanncw@so-net.ne.jp
466,jalastaircx,ppattendencx@dailymail.co.uk
467,ccolstoncy,brosenqvistcy@illinois.edu
468,bspellesycz,athorwarthcz@about.me
469,criedigerd0,rcasettid0@mapy.cz
470,fbettlesond1,gfraild1@netlog.com
471,amontillad2,cmcgillecoled2@umn.edu
472,twillerstoned3,gsperad3@flavors.me
473,dbirkenshawd4,twheard4@newyorker.com
474,cdimatteod5,granbyd5@netlog.com
475,mworsalld6,tvaltid6@4shared.com
476,ldeambrosid7,sarsond7@clickbank.net
477,asadatd8,bwilflingd8@tinyurl.com
478,afogartyd9,ctuftind9@ibm.com
479,etrenearda,cmcliseda@google.de
480,cwintourdb,apaikedb@ted.com
481,hhallamdc,tartusdc@mayoclinic.com
482,llehriandd,kyantsurevdd@github.com
483,tenderbyde,adowde@ehow.com
484,mcurrandf,tjoneydf@shinystat.com
485,achmieldg,ikanwelldg@mapquest.com
486,dorandh,acrowsondh@eventbrite.com
487,eshillakerdi,oclayworthdi@technorati.com
488,mharowerdj,qhairsnapedj@usnews.com
489,tweeddk,tbradnamdk@purevolume.com
490,hmeneardl,jfluindl@home.pl
491,ibeveragedm,tchevinsdm@rambler.ru
492,afinnickdn,hsturridgedn@ox.ac.uk
493,agendersdo,egrahlmando@state.tx.us
494,awheelwrightdp,sduesberrydp@csmonitor.com
495,icamackedq,minkindq@netscape.com
496,zcookmandr,gperrettdr@cdc.gov
497,awickeyds,mpawlowiczds@uiuc.edu
498,rpladendt,iburrellsdt@reuters.com
499,kfilliskirkdu,ameridadu@mtv.com
500,rjorndv,cnotondv@imdb.com
501,asummerbelldw,sluscottdw@wufoo.com
502,dkulicdx,fbundeydx@bravesites.com
503,bshellsheardy,wdearingdy@dion.ne.jp
504,tmichallatdz,moriordandz@wired.com
505,ggammonse0,lspurre0@printfriendly.com
506,mtinne1,ccrosskille1@boston.com
507,cminithorpee2,cdepporte2@tripadvisor.com
508,jcapone3,kbusbye3@dailymotion.com
509,rbroskee4,mmalafee4@epa.gov
510,ljaulmese5,bburhousee5@google.fr
511,hcodemane6,edorgane6@tinyurl.com
512,mtwinbrowe7,aoshevlane7@mtv.com
513,pwattone8,tstubbeleye8@cnet.com
514,evoake9,cplome9@upenn.edu
515,eaitchinsonea,hlarsea@wufoo.com
516,nmclennaneb,jcaudeliereb@sfgate.com
517,wmacphersonec,pskeyec@auda.org.au
518,lellingsworthed,ngeroldied@sun.com
519,nwhistonee,osutcliffee@answers.com
520,lharmondef,acrenshawef@cbc.ca
521,xgomereg,lhulburdeg@blogtalkradio.com
522,srickersyeh,lmatevosianeh@seattletimes.com
523,mniezenei,fgrishinovei@ow.ly
524,yhiscokeej,croubyej@biblegateway.com
525,ywhildek,pdurwardek@cnbc.com
526,nshillitoeel,rstolteel@wikia.com
527,awerrettem,alorantem@bloomberg.com
528,nwhitsunen,hgatsbyen@homestead.com
529,dlebretoneo,ghoveeeo@netvibes.com
530,fhallowsep,acromptonep@japanpost.jp
531,acrichtoneq,slewiseq@businessweek.com
532,kpayfooter,khugleer@nifty.com
533,bbickardikees,vbeaues@irs.gov
534,jmckibbinet,rpeytonet@hatena.ne.jp
535,aargonteu,jdollmaneu@bbc.co.uk
536,iobradainev,jdillinghamev@flickr.com
537,phutcheonew,idamsellew@yellowbook.com
538,atavenerex,wdavsleyex@privacy.gov.au
539,njerredey,blangcasterey@shop-pro.jp
540,rlowellez,igantleyez@goodreads.com
541,barcherf0,jbeynknf0@nationalgeographic.com
542,slapleyf1,kportchmouthf1@is.gd
543,fjeffreef2,gcaustonf2@foxnews.com
544,kjaulmesf3,rgladerf3@histats.com
545,fhucksteppf4,dfrancesconef4@economist.com
546,pallseppf5,gturbanf5@purevolume.com
547,dvaheyf6,cmcgaraghanf6@pen.io
548,pbartosekf7,tdodswellf7@google.com
549,rlapadulaf8,liddisonf8@jalbum.net
550,tdewesf9,awallmanf9@spiegel.de
551,zdrohanfa,nburrenfa@yahoo.com
552,khixleyfb,kredwallfb@livejournal.com
553,kackrillfc,cspiringfc@hostgator.com
554,hstivenfd,bbrokenshirefd@cornell.edu
555,kmcphillimeyfe,hmoriartyfe@go.com
556,bcervantesff,wnewsomeff@e-recht24.de
557,mheersfg,tpedrollofg@nytimes.com
558,cfigguresfh,nhigginbottamfh@columbia.edu
559,ltrousdellfi,jcarlssonfi@springer.com
560,fstickneyfj,hsegerfj@cnn.com
561,wolivettifk,smardallfk@pcworld.com
562,rcordayfl,bdolemanfl@mlb.com
563,owillgoosefm,rklimtfm@paypal.com
564,hruggierofn,afalconertaylorfn@cbsnews.com
565,bfallawefo,lbirchallfo@dailymotion.com
566,lmackibbonfp,kmanuellifp@friendfeed.com
567,jharryfq,tbernholtfq@economist.com
568,gwinsparfr,rgorgerfr@statcounter.com
569,mburgotfs,mwhimpfs@w3.org
570,kcoyshft,csalmonift@ted.com
571,gbruhkefu,mlethbyfu@comcast.net
572,fkeppyfv,talenichevfv@princeton.edu
573,cstapellsfw,dweddupfw@earthlink.net
574,zjoulefx,gkelleyfx@aboutads.info
575,ksiegefy,rgritsunovfy@discovery.com
576,ltiffanyfz,wokeefefz@biblegateway.com
577,mcoakerg0,kgatehouseg0@eventbrite.com
578,mheistermanng1,edelouchg1@dropbox.com
579,ostorkg2,lpostlethwaiteg2@thetimes.co.uk
580,cjohnstoneg3,pcoraing3@tripod.com
581,imanningg4,umowsleyg4@prlog.org
582,jlangdong5,hpleveyg5@topsy.com
583,lkhalidg6,goliddyg6@fda.gov
584,lcristofalog7,jfeatherstonhaughg7@opensource.org
585,tmcamishg8,ebruinemang8@vistaprint.com
586,odashwoodg9,sduligalg9@reuters.com
587,sbulteelga,blemarquandga@yelp.com
588,ithirtlegb,ohantuschgb@marketwatch.com
589,aclohessygc,nbrookegc@answers.com
590,agraceygd,wgordongd@ocn.ne.jp
591,pgeraldinige,hpetaschge@printfriendly.com
592,jbellangergf,kshalloogf@xinhuanet.com
593,slivingstonegg,lbarbygg@digg.com
594,tozannegh,egaigh@cnbc.com
595,ldrivergi,ljindrichgi@biglobe.ne.jp
596,tgoadegj,tpiwellgj@state.gov
597,kyearrongk,febdengk@cbslocal.com
598,cboichatgl,wdarlinggl@gnu.org
599,cbyrchgm,aerrickergm@google.com.br
600,ecastilljogn,rmarcinkowskign@samsung.com
601,lkasperskigo,hjoaogo@sogou.com
602,wvandevliesgp,godgaardgp@hugedomains.com
603,hlaundongq,jwankagq@ebay.com
604,dflockhartgr,cstrewthersgr@usnews.com
605,bpayegs,awardalegs@issuu.com
606,mrowledgegt,bsquibegt@istockphoto.com
607,jcruddacegu,asqueersgu@techcrunch.com
608,eoughtongv,eburrygv@fc2.com
609,icaldarogw,cricketgw@columbia.edu
610,mfiveashgx,cissacoffgx@boston.com
611,mquaintancegy,lchristallgy@ucsd.edu
612,edehmelgz,mrodnightgz@weibo.com
613,rkaemenah0,emcbreartyh0@yahoo.com
614,jgreensmithh1,dmaddocksh1@over-blog.com
615,mbruinh2,zhottonh2@comsenz.com
616,lcrowdenh3,cdickenh3@etsy.com
617,jfallensh4,sharcarseh4@cdbaby.com
618,bnorledgeh5,lduxfieldh5@mac.com
619,mseedullh6,mcaneroh6@lulu.com
620,pcoppinsh7,dpotellh7@meetup.com
621,jstorkh8,rfairclothh8@aboutads.info
622,gkalfh9,dbastistinih9@mediafire.com
623,sjaquetha,bsimisonha@fda.gov
624,bbrandlehb,mwhitneyhb@noaa.gov
625,atottlehc,bclubleyhc@about.com
626,nsempillhd,kpachehd@nifty.com
627,ghawkshawhe,vrichmonthe@latimes.com
628,dpaolottohf,sashfordhf@loc.gov
629,csegarhg,vbuckamhg@google.com.au
630,dponthh,stacehh@wufoo.com
631,afayerbrotherhi,xgobeauxhi@jugem.jp
632,aobreenhj,lhazeldinehj@simplemachines.org
633,fsartainhk,rcurnockhk@scribd.com
634,sdennehl,ejedrzejkiewiczhl@dropbox.com
635,ssecombehm,rminithorpehm@webnode.com
636,mlavallinhn,vkunderthn@angelfire.com
637,nkhidrho,hgeldeardho@wunderground.com
638,nlammimanhp,fshevellhp@huffingtonpost.com
639,pcobdenhq,icoathuphq@indiegogo.com
640,kgoddinghr,vloughtonhr@liveinternet.ru
641,agallowayhs,afitzackerleyhs@flavors.me
642,chanafordht,ashearht@reuters.com
643,cmoylanhu,mcockerhamhu@opensource.org
644,pgrigorhv,tfewsterhv@businessweek.com
645,fedlinhw,kgiottohw@smugmug.com
646,carmitthx,ccurrumhx@fda.gov
647,pwardhaughhy,cscotchmoorhy@taobao.com
648,wpoutonhz,athiolierhz@cnet.com
649,jlungei0,rbatrami0@theguardian.com
650,jbacheri1,jgulci1@archive.org
651,mbeldani2,lsimysoni2@cloudflare.com
652,cdargani3,dhabbeni3@wp.com
653,rhayshami4,fbittlestonei4@ustream.tv
654,gleacocki5,fpoulsomi5@nba.com
655,pnewarki6,ldeeringi6@bandcamp.com
656,lpoteri7,esyeri7@vistaprint.com
657,aitscowicsi8,odallmanni8@hostgator.com
658,cdoghartiei9,orandi9@ovh.net
659,dglasspooleia,jspriginia@prnewswire.com
660,smatteottiib,kpotapczukib@fotki.com
661,ecansfieldic,mtunacliftic@free.fr
662,ypingstoneid,hlindbergid@blogger.com
663,ghoulworthie,mtelegaie@gov.uk
664,fmolfinoif,gcroninif@macromedia.com
665,jgorryig,gliddelig@prweb.com
666,ebeanyih,jtreenih@nhs.uk
667,ptilleii,mhellsdonii@cisco.com
668,sstigellij,kkeizmanij@omniture.com
669,truddimanik,slindmarkik@domainmarket.com
670,ojedrychil,mpaceil@sogou.com
671,dsarchwellim,fgillingim@boston.com
672,fhaddlestonin,lvickerin@live.com
673,flinckeio,gkillfordio@cmu.edu
674,twallmanip,vcraiseip@wordpress.org
675,cegdelliq,abendareiq@clickbank.net
676,hsneezumir,abassonir@cnbc.com
677,gmcdermidis,dbrewinis@cyberchimps.com
678,limoreit,hpinhornit@ehow.com
679,gkleyneniu,gmartenseniu@ovh.net
680,snanniniiv,vdutchburniv@amazon.de
681,dsmyleyiw,lwydiw@wordpress.org
682,rmurneyix,ejagoeix@nyu.edu
683,lwillstropiy,gcodlingiy@apache.org
684,hyablsleyiz,fmunroiz@godaddy.com
685,hbroadeyj0,dhapkej0@google.de
686,lkapelhoffj1,asouleyj1@blogger.com
687,tbetunj2,cbennetonj2@forbes.com
688,jcalej3,fstrothersj3@arizona.edu
689,mcoarserj4,rbaystingj4@twitter.com
690,rcaunterj5,ejorisj5@a8.net
691,lfetherstonj6,cwymanj6@eventbrite.com
692,kmedlandj7,rtewnionj7@google.co.jp
693,shendriksej8,rwaddamsj8@people.com.cn
694,lhannayj9,fmannsj9@google.com
695,mobrianja,rarissja@live.com
696,jfairejb,ckeslakejb@usgs.gov
697,lnardijc,agleyjc@fema.gov
698,ggoodwinsjd,cfaierjd@narod.ru
699,jpetrouje,agoomesje@twitpic.com
700,ecardewjf,abassanojf@sourceforge.net
701,gautenjg,skamenajg@shinystat.com
702,wlorrainejh,sfisonjh@cafepress.com
703,djakemanji,tbravingtonji@acquirethisname.com
704,tteissierjj,msuggittjj@cpanel.net
705,nlozanojk,mdarthejk@lycos.com
706,ehowdenjl,dburtonwoodjl@t.co
707,mflellojm,ckennjm@weibo.com
708,emoodyjn,bluffjn@free.fr
709,hpasqualejo,vcorringhamjo@merriam-webster.com
710,mearthfieldjp,rcridgejp@miitbeian.gov.cn
711,lmackeegjq,emokesjq@zdnet.com
712,fwillgoosejr,rcunradijr@bravesites.com
713,rcoggenjs,gdoggrelljs@nba.com
714,glednerjt,awisonjt@economist.com
715,jtithecoteju,nbraveju@tinypic.com
716,tsnawdonjv,jbarouxjv@github.com
717,dabbyjw,ptoozejw@squidoo.com
718,bsanciasjx,dcoasejx@vk.com
719,asummerliejy,eflobertjy@dedecms.com
720,tcousinjz,gyourelljz@pagesperso-orange.fr
721,frhymek0,zwinsomek0@senate.gov
722,bstartink1,kwitcombek1@yahoo.com
723,mgribbenk2,srallingsk2@sogou.com
724,tgentilek3,jhourstonk3@go.com
725,dgillogleyk4,alehrahank4@imdb.com
726,asheedk5,relsyk5@webs.com
727,aschaferk6,bailmerk6@reference.com
728,colechnowiczk7,abulcockk7@illinois.edu
729,biddonsk8,lhenningtonk8@ifeng.com
730,kcornwellk9,tolphertk9@live.com
731,fyeolandka,tgiorginika@alexa.com
732,keliassenkb,efarnonkb@washington.edu
733,gpresseykc,sfretwellkc@purevolume.com
734,hlackingtonkd,fbeevorskd@flickr.com
735,dgulstonke,aberzinke@cnet.com
736,rpettuskf,jdurradkf@apple.com
737,srobkenkg,rpaulitschkekg@forbes.com
738,moakeshottkh,pblightkh@about.com
739,taylingki,fjakemanki@flickr.com
740,gfedorskikj,kskrineskj@chronoengine.com
741,cklaggekk,mantuonikk@wired.com
742,rknappittkl,rbreydinkl@domainmarket.com
743,hsimanekkm,ajosowitzkm@illinois.edu
744,jexellkn,bellsworthekn@google.com.hk
745,msiberyko,zcradyko@free.fr
746,vbreconkp,acavillekp@topsy.com
747,tlaydelkq,gtwellskq@fema.gov
748,babrahamsohnkr,emacgauhykr@mysql.com
749,oscarlonks,cmokesks@wordpress.com
750,bkeerskt,toconnellkt@ftc.gov
751,cdillowayku,jgrigorkinku@howstuffworks.com
752,dscollankv,fbeaumontkv@wikimedia.org
753,vcalafatekw,rgitthousekw@hugedomains.com
754,tbartholinkx,chowsegokx@canalblog.com
755,asandayky,mgrissettky@behance.net
756,kdabneykz,abeatsonkz@blogtalkradio.com
757,aleistl0,rwonforl0@reuters.com
758,cpaul1,jblewmenl1@disqus.com
759,lurlinl2,agodballl2@digg.com
760,tsemmencel3,ckibbyl3@angelfire.com
761,jstauntonl4,cbiskupskil4@creativecommons.org
762,gfarhertyl5,anutbeaml5@gravatar.com
763,fshimonyl6,afonquerniel6@ezinearticles.com
764,crearyl7,ebrandsenl7@cnbc.com
765,esjostroml8,scarwithenl8@parallels.com
766,lglendzal9,ralabonel9@angelfire.com
767,cprendergrastla,stwamleyla@rediff.com
768,averoniquelb,ebeevislb@sourceforge.net
769,lwiddalllc,jkitchinghamlc@census.gov
770,alethieulierld,bloughtonld@twitter.com
771,lemblemle,hreecele@amazon.com
772,sflanaghanlf,lricheslf@unc.edu
773,tdestouchelg,vninnolilg@tuttocitta.it
774,kjurgensenlh,istreetslh@ustream.tv
775,rwhittuckli,kayarsli@etsy.com
776,cleachlj,mdevenportlj@statcounter.com
777,rbutlandlk,smacdowalllk@wikia.com
778,dtimckell,lpoundll@google.nl
779,gdefrancescolm,abeslm@xing.com
780,hshearstonln,awombwellln@qq.com
781,lpinkardlo,kcorrylo@github.com
782,anormavilllp,pmcnablp@disqus.com
783,hkingzetlq,kfewsterlq@ovh.net
784,rturllr,rpolonlr@cpanel.net
785,sdaymondls,wohdirscollls@google.ca
786,gmartyginlt,gsoppettlt@shinystat.com
787,ltomblesonlu,sbrosilu@twitter.com
788,mmaudettlv,ohacardlv@reuters.com
789,msanpherlw,lmarlowlw@yandex.ru
790,rbarltroplx,mthomsenlx@princeton.edu
791,ideshortsly,dlabronely@goo.ne.jp
792,bhowisonlz,abembridgelz@yelp.com
793,hkopsm0,ldillonm0@com.com
794,mlyem1,balsobrookm1@tmall.com
795,ahedgeleym2,akleinem2@surveymonkey.com
796,awestreym3,kplacidom3@miitbeian.gov.cn
797,scinom4,sbeddiem4@deviantart.com
798,clennoxm5,ctolomeim5@businesswire.com
799,aadranm6,lcrollym6@economist.com
800,cmortm7,tgersamm7@gov.uk
801,vleppardm8,kpontenm8@kickstarter.com
802,wpipem9,vbowellm9@dmoz.org
803,zbuntenma,fwakelamma@icq.com
804,ckilligrewmb,vhearnemb@geocities.com
805,cpurkinsmc,waddisonmc@google.co.uk
806,kmacwhirtermd,dmyottmd@delicious.com
807,bwurzme,lteresime@businesswire.com
808,gpontermf,kbramichmf@hexun.com
809,mmcgloinmg,dloughmg@pen.io
810,jfearmh,bescalantemh@youku.com
811,hhoodspethmi,cswalwelmi@mlb.com
812,csproulsmj,rpethybridgemj@tinyurl.com
813,cmcboylemk,lmapledorummk@csmonitor.com
814,jhewlingsml,mhoundsomml@cmu.edu
815,ymarcomm,shallowsmm@bizjournals.com
816,dfentonmn,tsamuelmn@creativecommons.org
817,icirlosmo,wloodymo@epa.gov
818,trevelymp,mbattistamp@addtoany.com
819,jlenevemq,rcholominmq@comcast.net
820,lclousleymr,ljerzakmr@cbsnews.com
821,hswainsonms,nshattockms@printfriendly.com
822,enowillmt,jwaytemt@shareasale.com
823,ffugemu,lstandfieldmu@cargocollective.com
824,ivanzonmv,pbuddleighmv@weather.com
825,krendbaekmw,sgreasonmw@tripadvisor.com
826,asinemx,lbownmx@google.pl
827,dboydlemy,ualenshevmy@arizona.edu
828,ecromlymz,atapplymz@google.fr
829,omarkwelleyn0,tkinsmann0@ft.com
830,cyandelln1,cishakin1@chronoengine.com
831,fhyndesn2,vseagoodn2@hp.com
832,jgillanin3,dfalveyn3@reference.com
833,bgammelln4,gbaroschn4@taobao.com
834,eswancottn5,lvilen5@hhs.gov
835,lstoaksn6,ffarakern6@disqus.com
836,etrahmeln7,rgillespeyn7@mediafire.com
837,rrostonn8,lchalcroftn8@aol.com
838,mhuginn9,dhawtreyn9@e-recht24.de
839,mblackmoorna,eclaxtonna@360.cn
840,bpendocknb,nsamwayenb@hp.com
841,cgebbync,mmilnenc@hud.gov
842,mwarrynd,sriseamnd@bloglines.com
843,ssorne,ahugne@mail.ru
844,sdhillonnf,bganningnf@cyberchimps.com
845,lskellyng,rhellinng@flickr.com
846,hpotellnh,cpassmorenh@globo.com
847,bfaillni,trichardeauni@spiegel.de
848,kmordienj,farrownj@163.com
849,dcastlesnk,epentecostnk@cbslocal.com
850,gfoddynl,scavillenl@sun.com
851,ikelletnm,tsummertonnm@miibeian.gov.cn
852,svannoortnn,bhowlenn@independent.co.uk
853,edunphieno,jspeakmanno@bbc.co.uk
854,lpetigrewnp,gduchartnp@desdev.cn
855,egabbidonnq,hpaolazzinq@cyberchimps.com
856,dclampnr,emordynr@infoseek.co.jp
857,ncoplestonens,awillmotns@mediafire.com
858,josmundnt,pfarfullnt@howstuffworks.com
859,mnaishnu,apuvenu@360.cn
860,fbaptynv,cbloynv@utexas.edu
861,ctilbeynw,tnewicknw@g.co
862,rdingivannx,hcastiglioninx@hc360.com
863,lsiddeleyny,ffilonny@xrea.com
864,uwinscombnz,ebeggionz@youku.com
865,gdayleyo0,egrundello0@1und1.de
866,rmargremo1,kbartoleyno1@github.io
867,bsiemianowiczo2,snegalo2@unicef.org
868,dmcgowingo3,kgoodbarro3@alexa.com
869,bthackrayo4,aemetto4@elegantthemes.com
870,heasterlingo5,mkaruso5@nps.gov
871,ndreghorno6,lbradero6@chicagotribune.com
872,hfouracreso7,jslaytono7@ovh.net
873,calbarezo8,rchaffeno8@tumblr.com
874,mabrahamiano9,jfawdryo9@rediff.com
875,jmarslandoa,dheckoa@networksolutions.com
876,apierceyob,gfeldonob@jiathis.com
877,zdenajeraoc,ucotsfordoc@ezinearticles.com
878,mheffernanod,hwillettsod@yandex.ru
879,mbizleyoe,nluckcockoe@mozilla.com
880,hleonardeof,hpetettof@icio.us
881,swightmanog,bhardwareog@reference.com
882,mgreenmanoh,bsannesoh@independent.co.uk
883,pjacklingoi,jbratchelloi@amazon.de
884,mcruftoj,twinwoodoj@list-manage.com
885,tsculleyok,sjaquinok@webnode.com
886,hsadryol,hfatscherol@bbc.co.uk
887,stimbridgeom,cvonnassauom@wordpress.org
888,tfindonon,rfinnon@buzzfeed.com
889,mcollyoo,cdyteoo@washington.edu
890,vstarmontop,soloughaneop@senate.gov
891,spancoustoq,jgiacomioq@loc.gov
892,lraffelsor,wclayor@mashable.com
893,mffordeos,sbleakleyos@telegraph.co.uk
894,jredfearnot,eyeatesot@g.co
895,zmcnellyou,cbrandleou@state.tx.us
896,handerlov,twarwickov@devhub.com
897,tbrimnerow,gabateow@people.com.cn
898,asackettox,egiacomelloox@github.com
899,tsafhilloy,iklousneroy@sphinn.com
900,msmelleyoz,alangstoneoz@cloudflare.com
901,abattyp0,kvaughanp0@freewebs.com
902,gsparsholtp1,abuttenp1@umich.edu
903,gbynertp2,cpadellp2@ted.com
904,edabnotp3,mjaycocksp3@ucoz.com
905,rwelberryp4,lfilippellop4@cbc.ca
906,ddomep5,rgossipinp5@cdc.gov
907,jantosikp6,rbogp6@baidu.com
908,mridgedellp7,bsymmersp7@timesonline.co.uk
909,cvillarp8,oingonp8@squarespace.com
910,bizchakip9,fgerbip9@businessinsider.com
911,hsaycepa,fbothiepa@go.com
912,dbarnwillpb,mleningpb@lulu.com
913,efrangellopc,bdavittpc@mysql.com
914,jfollacaropd,bdurantpd@ebay.co.uk
915,aashardpe,lmonceype@google.de
916,sbofieldpf,plinfieldpf@theglobeandmail.com
917,ifortnonpg,gbrittianpg@wikispaces.com
918,eheinlph,mdavidaiph@japanpost.jp
919,dbalkpi,mcapaldopi@cmu.edu
920,kdenajerapj,lsartonpj@chron.com
921,elozanopk,cfinespk@walmart.com
922,adufourpl,wismirniogloupl@webmd.com
923,ablountpm,mcasbonpm@thetimes.co.uk
924,bmathousepn,cdolphinpn@jugem.jp
925,hkilcoynepo,mbarnishpo@bbc.co.uk
926,mkienzlepp,cwimbridgepp@patch.com
927,bclauspq,bchumleypq@google.com.au
928,khorribinepr,rdoldonpr@addtoany.com
929,genderleps,tcasassaps@salon.com
930,ntickpt,kgilletpt@nhs.uk
931,htweedypu,ddevonshirepu@taobao.com
932,lchaudhrypv,bmacgibbonpv@google.cn
933,cskeffingtonpw,lgergelypw@csmonitor.com
934,lbraunepx,hfurnesspx@macromedia.com
935,bdonatipy,gcorbridgepy@yelp.com
936,tstuchburypz,ttouzeypz@smh.com.au
937,jdutteridgeq0,lbarffq0@fema.gov
938,fmarquisq1,mthyingq1@plala.or.jp
939,kpinchbeckq2,anorrisq2@upenn.edu
940,cbohlingolsenq3,tembyq3@yellowbook.com
941,sguileq4,ssarneyq4@wired.com
942,dpettendrichq5,cgillittq5@last.fm
943,vshortcliffeq6,tdorsettq6@mlb.com
944,ibowskillq7,fbartoszewiczq7@google.cn
945,wmaddisonq8,hbendallq8@flavors.me
946,ggrasserq9,fbensteadq9@gizmodo.com
947,oblunsdenqa,scoweqa@soup.io
948,lvorleyqb,dpovallqb@mail.ru
949,agrishankovqc,mmacclenanqc@kickstarter.com
950,ehodjettsqd,aelcoateqd@ucoz.ru
951,cmarqe,cglaviasqe@sciencedirect.com
952,sflavertyqf,cfeatherqf@jugem.jp
953,mdacksqg,smeneghelliqg@hc360.com
954,eartindaleqh,vgorewayqh@friendfeed.com
955,bpellettqi,okalkhovenqi@adobe.com
956,mcuttsqj,jhuggonqj@yolasite.com
957,cellulqk,fharesignqk@netscape.com
958,icockadayql,fharcaseql@51.la
959,imattioliqm,hdigmanqm@opera.com
960,speltzqn,jnabbsqn@behance.net
961,wwelbrockqo,pmardyqo@liveinternet.ru
962,hcovilqp,jaylesburyqp@gov.uk
963,cgeneryqq,dsturdeyqq@ca.gov
964,skingsnoadqr,lhaughtonqr@redcross.org
965,sstroulgerqs,lvialsqs@usnews.com
966,stowlqt,edannettqt@pcworld.com
967,dcordierqu,mdepkaqu@hubpages.com
968,nkunqv,hcheekqv@xinhuanet.com
969,bpurseqw,fwakeqw@purevolume.com
970,mhandsqx,ecoutthartqx@newyorker.com
971,jgreguolqy,crainforthqy@harvard.edu
972,cwoodbridgeqz,jenzleyqz@dropbox.com
973,jelyr0,dpolkr0@tuttocitta.it
974,mcattinir1,cdachr1@eventbrite.com
975,lcuttlesr2,mhartzogr2@census.gov
976,gthoresbyr3,gormanr3@linkedin.com
977,adoggettr4,wpoynzerr4@ehow.com
978,dwasbroughr5,msprigginr5@constantcontact.com
979,tchater6,mcopleyr6@phoca.cz
980,eelsburyr7,jtythacottr7@nyu.edu
981,adoxeyr8,efarnishr8@google.com.au
982,vborgesior9,ibewlyr9@phoca.cz
983,sdiniscora,dcatterillra@com.com
984,arennerb,ajanakrb@pcworld.com
985,ktidboldrc,nsollowayrc@t-online.de
986,ewalteringrd,bjenteaurd@earthlink.net
987,rphillippore,dgioanre@sourceforge.net
988,apocknollrf,hobrienrf@blogspot.com
989,truthenrg,ddemeyerrg@msn.com
990,coveralrh,kborrettrh@dion.ne.jp
991,cmernerri,smcphilemyri@123-reg.co.uk
992,lastupenasrj,ldarlisonrj@tumblr.com
993,csimnettrk,isandemanrk@nymag.com
994,amantramrl,esynkerl@mail.ru
995,larnaudinrm,kleverm@so-net.ne.jp
996,oschumacherrn,lwilsdonrn@csmonitor.com
997,fwaldrenro,lfoleyro@exblog.jp
998,bpavlovicrp,lcolleymorerp@narod.ru
999,ovasyatkinrq,mostrichrq@sohu.com
1000,wbeddoerr,kchengrr@cocolog-nifty.com
